{
  "RandomForest": {
    "accuracy": 0.7402234636871509,
    "precision": 0.7267360714139376,
    "recall": 0.7402234636871509,
    "f1": 0.7179063159039465
  },
  "GradientBoosting": {
    "accuracy": 0.7541899441340782,
    "precision": 0.7430996996392116,
    "recall": 0.7541899441340782,
    "f1": 0.7416872034589513
  },
  "ANN": {
    "accuracy": 0.6899441480636597,
    "loss": 0.6097426414489746
  },
  "CNN": {
    "accuracy": 0.6843575239181519,
    "loss": 0.5938047170639038
  },
  "RNN": {
    "accuracy": 0.7067039012908936,
    "loss": 0.5836710929870605
  }
}