{
  "RandomForest": {
    "accuracy": 0.7402234636871509,
    "precision": 0.7267360714139376,
    "recall": 0.7402234636871509,
    "f1": 0.7179063159039465
  },
  "GradientBoosting": {
    "accuracy": 0.7541899441340782,
    "precision": 0.7430996996392116,
    "recall": 0.7541899441340782,
    "f1": 0.7416872034589513
  },
  "ANN": {
    "accuracy": 0.6899441480636597,
    "loss": 0.6116405725479126
  },
  "CNN": {
    "accuracy": 0.673184335231781,
    "loss": 0.5984394550323486
  },
  "RNN": {
    "accuracy": 0.6955307126045227,
    "loss": 0.585249125957489
  }
}